kappa,concurrence
0.5,0.925
0.55,0.93925
0.6,0.952
0.65,0.96325
0.7,0.973
0.75,0.98125
0.8,0.988
0.8500000000000001,0.99325
0.9,0.997
0.95,0.99925
1.0,1.0
1.05,0.99925
1.1,0.997
1.15,0.99325
1.2000000000000002,0.988
1.25,0.98125
1.3,0.973
1.35,0.9632499999999999
1.4,0.9520000000000001
1.4500000000000002,0.9392499999999999
1.5,0.925
