kappa,fidelity
0.5,0.49
0.55,0.5414364640883979
0.6,0.5975609756097561
0.65,0.6577181208053691
0.7,0.7205882352941175
0.75,0.784
0.8,0.8448275862068966
0.8500000000000001,0.8990825688073395
0.9,0.9423076923076923
0.95,0.9702970297029703
1.0,0.98
1.05,0.9702970297029703
1.1,0.9423076923076923
1.15,0.8990825688073395
1.2000000000000002,0.8448275862068962
1.25,0.784
1.3,0.7205882352941175
1.35,0.6577181208053691
1.4,0.5975609756097562
1.4500000000000002,0.5414364640883976
1.5,0.49
